Predict Value,Real Value
1824114.0458993097,1618670.884405709
860900.1608211852,914325.0291512741
1137888.5139404142,1173413.5499918016
827644.1274897306,747933.4869386142
1470176.4320561034,1391159.433681266
1139188.6722445374,1124463.0404031896
1531646.4993623323,1350459.1155681738
1564400.4439093275,1623100.839875627
1268498.3295281585,1361521.9829376258
812957.3948913794,905328.7691457036
1334105.3426012772,1454035.0082315337
1033743.9565069621,954732.9038402882
1516764.4976163898,1365151.3942278111
1285714.8247582975,1285157.8695856398
1305786.3139345043,1292643.5202523577
1256771.9141161896,1239459.8148165469
1856309.5635256115,1710612.0295451423
1023285.9284610994,1054770.980647526
1186845.4902270145,1051644.5540225494
966868.8190237756,1138885.104005277
298817.90227806097,314167.83427680004
1287865.534707288,1236633.0865635795
1296302.791671641,1283480.4394007365
1091425.7342661573,946943.0362171356
1311372.6502246468,1125677.6043161764
1601208.7131043482,1641739.5180614428
1301753.8197476934,1311145.9682970897
670844.1451799263,734827.50801229
1538815.0118908382,1653381.3129239976
1635651.6884668972,1475734.2174397274
1819568.693443677,1945618.658114016
614941.6640726981,469016.24780787673
1054370.4513963244,960808.291081754
1477521.3424788315,1566740.1279214271
1130520.1502714844,1015546.3086072236
1134782.7403227151,1113570.8518884848
1075972.000927103,1061785.5833805124
1476094.7773951115,1375215.0615939235
1069787.248192912,1077754.2259621231
259931.15594499285,287307.583688923
536389.6874743535,502553.0521875537
1399370.9776570962,1454834.9824772591
772936.7789245555,945551.14893088
1117134.683578101,1223261.46230481
1498913.0990792338,1607863.8282865288
783334.6946460794,961727.46838822
1616466.7380591717,1426682.1346372126
1358686.7070199258,1202621.178416139
1335463.9545356072,1344523.4084306443
1765647.037368348,1621035.9027174718
1196185.7770456513,1101120.2587428256
1061683.8516444878,1077059.155960404
799545.5269938144,882057.1705928424
1339131.164115667,1412097.1767743204
769595.1297709775,857762.316993493
1219702.4582496833,1214986.885715444
858707.9487717226,885379.790325581
850436.6844686866,776906.326934832
1305728.9068729966,1360502.2488120492
699959.5370273329,923830.33486809
838235.4464953421,756319.7340442679
1030642.7966530252,971928.9868990356
1225935.8768969448,1029861.6229008453
937467.7345829328,1045395.3290485592
1934164.8138234376,1753820.6224521047
1079288.640005102,1329521.1389832832
1398782.328313091,1442632.5412265589
1192175.096976692,1114667.2494865104
1307361.9898955612,1222726.5643610675
1560697.9125189001,1794014.2978549928
786837.3130135315,803270.1278367853
1427410.7626148465,1416965.9786882403
1028999.326865228,987447.7774857915
1364584.777484187,1404622.0861056014
995141.8747466997,1040376.9951696122
1339280.4215015206,1511653.454803501
1458938.5549962006,1416408.249920881
1261261.2538651987,1327961.0982193248
1348099.7168485925,1380070.450117897
803785.1028752966,849008.7046985144
1076577.292124564,982344.8120638996
1170559.9955089416,1117432.9800574498
1462960.5551055612,1527439.7172659903
1314580.3611165453,1420070.0203998378
1277479.6270787413,1256086.507059112
1530434.5345606804,1655466.7358265226
1563595.878478579,1494241.2261904366
1035771.8067980168,803689.1519380857
887197.5148040088,996924.6914267289
1082638.9591037745,1003266.8762352668
969682.1772732609,1005946.7673244304
823435.8116239278,885661.5908366481
1544912.2989456407,1641873.966286834
1448267.6239498938,1638632.1507205463
1301006.9127728203,1270905.0203813943
1197841.4908033432,1184614.087024015
1523409.7400923872,1663473.1208282846
626343.1447028362,627650.4025709751
1047183.3461641753,1049798.7849306162
931704.5636627661,1002192.5820706816
1238655.804359031,1240754.932046382
1639166.9119898884,1735826.005205352
1091343.9475840284,1114430.95342313
776241.4813702247,767214.7961467195
1251549.6422049599,1306367.8106375178
1110486.1467801987,1000842.1776144834
431497.3050916504,325195.9428324207
1721780.0071405636,1603627.2802189654
1233133.373641102,1338424.7883671494
1444252.9114277605,1499988.8795226102
951991.8904133509,920951.5682989664
1172499.0657441765,1109059.053626801
1513498.3216180075,1489520.0186356774
969358.6803209358,1016871.4149142243
780543.0855417169,769851.8034373517
1310788.651689283,1340705.1192224375
1715412.3679172196,1811377.22137966
1305791.264120594,1373528.5581959272
1352982.2754219922,1198725.4871449017
670778.1467748903,533386.7712388085
1181513.8871471873,1262281.4856597355
849879.6431037702,903881.6638657488
1250257.5507427023,1305101.7743422429
1579110.102049274,1556987.7244597748
1200353.1564815897,1134273.424521429
1316217.8787392147,1405505.2437013974
1049715.278214261,1000043.9033467688
1067548.346694092,1022408.9010463773
817989.3721460261,818057.8953027214
1868990.9475846067,1801916.3455730728
519313.0512419308,497579.4465868728
1422094.8412767854,1550931.0678444891
1467289.8895176456,1457230.6462415596
1339069.7906465346,1466605.7737989682
1051156.828803599,1006687.3871388726
1327887.549733699,1387114.4198675563
1848529.0023788298,1789973.2052019918
1456450.1114318906,1423296.118000431
1613461.1699485392,1680788.286557635
1802663.3541732426,1802294.2888986613
911550.5898606909,840208.7430414602
1713543.2723592783,1860648.7452876344
955753.4058582255,1017374.0233573732
1183096.085233024,1155752.7447402594
1589578.183357673,1641226.5842989285
1125870.132442421,929480.6298952122
1541505.0565127041,1501497.532370449
1275106.9786761561,1380353.887598126
599760.8983098607,752800.1475251733
1425615.6323310432,1443470.0370820467
980622.6015350526,926482.467655185
1059732.0469760837,1068786.6717911256
1246617.6155792405,1430813.4128906222
633704.7712915319,619407.4862651835
1159518.7956653545,1140209.0775234113
1310284.2417371895,1293461.7978863874
837233.99871641,1107692.0033501994
1149894.3904224501,1219846.9185098251
1691144.4929328174,1553976.2339049217
1091564.1017116385,949684.4101807601
1496890.412238604,1365036.083757255
835771.6205537829,895441.022143891
1323312.6350102175,1417403.3118605698
1326151.0766375484,1539465.419677388
1225784.7083634036,1104115.6927835557
1222240.6712495363,1170720.893654292
516086.4441347917,760876.0221585269
1334620.7686096893,1299924.7977382322
1387938.7087221432,1412144.508444236
1213247.528197626,1187113.826180701
580222.3711998643,485533.680357686
837450.4238662772,1004124.9090759716
1718663.9546699019,1660678.035086839
1598911.4019299545,1670908.6619607303
1347473.2388160096,1410814.9846924148
1240610.1631035998,1136448.408760456
1364029.222489307,1427202.2785615397
1231934.2726566258,1208843.2767307777
1110619.3040704092,981232.6123712712
952610.7814088863,794075.8615028291
1450815.6051546407,1548322.5007091828
1131386.5640750534,1181663.4835711485
704046.1382887874,795507.8434415429
1245635.549702723,1161742.677446362
1170300.6908657814,1185226.6173301823
1352683.556066215,1157759.4645471931
1948251.2172251437,1961715.866692026
1778039.7301268182,1900999.54590532
944663.5855793342,651787.9705180059
1067114.3360540734,1150438.9494932448
612111.6462869941,714166.3978061128
1658621.1406786148,1739761.372611396
1795683.9253542253,1731437.4159947769
1274734.0716456112,1324377.6087338962
1152214.3013630486,1132779.8367625305
1858454.8597586039,1815920.449805418
1790458.6558537516,1718876.794818775
1352476.356287651,1259357.0232683488
414483.9408961001,461473.56652671896
1378187.7657933393,1281113.3152468798
505196.0619857795,727366.947448545
1240256.48715475,1133126.4838613546
1562679.0788056545,1530172.524842183
1872081.9834356697,1784260.8487219375
1126401.9317782684,1053236.599854908
1240347.5870791436,1137467.585767479
1154162.0991855229,954154.2068994228
1755421.5375884585,1975538.4157534216
905132.1654810611,699323.2623925492
1238075.421714878,1065907.0809130038
1098090.1684172784,1002974.2146829072
1585102.0175033533,1584439.7128321177
1028356.6310614684,859208.7212247149
1351454.0034418027,1474379.4400821466
553829.2139142599,508951.5668799004
1125280.3994998874,1075723.5099143835
1695150.4008549794,1638969.269045829
1221928.5389746139,1220700.6961370956
1281999.0091219877,1051123.8330999936
1086143.0502638083,1054732.600309668
1559744.124988717,1709441.8064655743
1201950.739411465,1215608.5310559657
992565.4155155024,913978.5733876184
1329555.4061458732,1463442.908287028
1267741.2086273704,1384965.6541746578
1315748.2023021008,1222041.015832907
1424724.396094496,1504441.0101502882
935790.4342466695,812512.2412531745
1910982.4230742846,1890789.1767706247
1336568.6569182,1448081.251171976
1430847.1690000682,1547127.386458428
1765560.932056553,1866035.4149757065
1327214.661245986,1448573.8446779854
1362901.7604176127,1249223.8310440492
1072425.4572168244,1099788.6980318588
850178.3891269115,815569.5956124964
1613662.4316713265,1670183.167980545
1125443.155975117,1148720.9050037193
990496.4800809001,877822.6628716969
1380209.4836870474,1354417.5627576166
932731.2495558555,905354.9139602784
1349212.5299505247,1322439.1075564742
510707.56290508976,552279.2140466532
1178566.0436317655,1232156.01224821
1444046.3578983508,1316180.4935914932
1142209.5383915978,1085494.8201108652
1040023.9066547838,968045.4778354148
1101754.3978079364,981753.2384083712
1602736.4883293433,1598159.2269511032
922225.3847548482,1009809.9835965488
1004910.6022664732,1034539.8306178992
1245827.1945601653,1383651.8270781066
1074240.3091948768,1185734.9581772955
655706.7806749622,661043.3565144942
1027789.4644574521,1046957.1170959196
1206911.870083991,1036338.2390135262
937338.3127011418,959625.5301771796
1106422.3975776527,1059406.1303480302
1121263.2190256796,1033290.9749004892
1405429.8580431186,1375497.9729216117
1276622.5619365613,1053966.4254339284
1373305.4348181086,1455107.4511125274
1975690.4211598402,1919053.5269471323
1442442.9688111115,1545507.564976852
1054113.325645032,1009606.2836331872
1182785.4976280145,1187609.1222876178
1623754.6571305604,1850513.52744405
1140171.0089818586,1158677.2019706806
1489069.7819282627,1721261.81159612
1042663.9804861603,855667.1793027755
1464616.0341845218,1491538.499250119
1429614.9685743295,1250958.248014175
1009848.9911504657,1058269.0185703223
1200982.7293824663,1242111.4283369773
1261105.4171141058,1325819.9131084683
1847687.7893111901,1804243.860448444
1443847.7191920632,1538039.5989438992
498051.2337179734,465499.8080598057
1564427.7598094775,1603075.2366169535
1040653.4830935224,1218635.851406522
1526675.2440206187,1548962.888217382
902739.3884727184,813807.6997244997
1406953.3170357475,1394900.984583555
2045137.1100122968,2185480.090688329
753864.0400009501,702321.7523214206
1021870.8958547027,1061222.5368688365
1160762.2852285027,1162746.6210813588
768470.9399230911,729315.3749195363
1415268.4515159358,1439028.5209890238
1595591.1725091464,1571781.593335204
1109019.800762818,1137224.5754304302
446004.2399682755,476006.4445144393
1064952.2880983911,1105737.4615438494
1206157.3965004638,1140187.6814552995
1236022.9664241285,1262494.286828816
1216252.51083793,1217267.934024366
898112.1878383799,716771.0057488753
1077324.1644432452,980177.3051371255
712287.3056784617,635419.3652163026
1634654.1533922928,1734814.160325652
1046003.1835798041,962028.7007646448
2162682.5756623433,2186194.7925734245
1734952.7412529376,1730103.133132334
619049.4228157128,534305.1323349292
1195183.5458263387,1006580.4796598312
1079074.6873128382,911071.833553066
648957.010376816,730043.6450595967
1301253.8623396035,1206393.1814995254
1058190.0458808278,1004430.3243619604
1354953.6621418353,1446756.8627614232
1186317.1415047,1259163.0652436588
1224460.0590305466,1261491.4253835725
1314202.6067892343,1186441.756443983
1139621.0693923524,1095806.62594953
1631942.9840526218,1660770.001712214
1589735.2962603043,1357797.9095238894
1530519.372585022,1381417.2495046626
1194582.9904598575,1453597.5066767505
1628017.482729353,1584615.5738389797
1084152.1262210265,1028914.3150464959
1234438.695979896,1128842.2090283502
1402682.0390839821,1408427.7584109262
1337963.3994649388,1563193.0971185905
676921.2629071471,891259.338362191
709454.1240634219,717213.2687989543
937113.17721555,945057.3183830888
1224280.9627079975,1092701.392243675
1396841.9668789618,1530294.5773399265
1586495.4708858745,1670256.590157741
1146115.4358362714,1040607.3120545676
1524039.2540873296,1443228.288242824
1682889.1060732661,1629983.8467032425
1511698.9535038068,1561234.1331688557
1429966.5299146536,1521085.4724705894
1180989.0073805759,1228810.7450455215
1380973.3942734161,1205878.7696221636
1056013.0565267014,1073350.0443075988
768824.6963385693,729990.0243899535
1107143.5344804865,1179278.0943348084
1285954.4272470644,1390251.419934081
1720692.8209366973,1750908.224237398
1188815.5577302468,1103648.2877240828
1556126.3196077931,1645843.0482722488
893163.8653579357,903657.5625479298
1664411.7111868262,1658571.8640212913
2174305.780536044,2249122.541335193
1038177.9735641754,868314.4735625429
903065.935931913,856931.5284353219
816553.918562837,799124.8491575408
1402875.0707351677,1639944.9587541027
1290171.2040054018,1342067.961421099
1293291.4717370116,1360100.7192439777
1100269.1470233912,1028636.4228705128
1360116.3639221732,1351007.0408580995
1627112.8038761723,1557075.4223108292
762051.301628898,825178.3506050247
1057662.866524315,885920.5532493639
1117955.3846677272,1028964.4739347702
319701.2533843909,383020.827749009
1393058.3435659006,1401560.9170354677
1757009.1726260728,1771036.924519853
998334.7322548982,840124.8423453172
1813302.7307983206,1920527.529755651
1269755.8923602754,1121023.4370105471
1210888.0593736393,1239318.1308763127
1211681.4658935433,1028683.0448748892
1571857.0481719242,1440317.76310708
1540715.281562544,1461511.881271546
925635.9952270298,865099.5233723286
1691148.391940562,1714266.2737553422
1213851.9133321075,1186372.1785061008
1125226.1209307115,1247660.9897520875
2026710.0377438802,1976170.089433933
1092724.6300373883,985866.0316492678
1194902.1921861623,1233484.4765780976
1552486.9395358183,1554634.9946986004
1373890.617958825,1389047.5577764665
1232416.2945084518,1430051.088487896
1191715.6816434544,1200401.9889419326
1534676.9583421203,1448668.423840238
1006355.5376456447,976649.0166086609
1085373.759228378,1085943.0760246022
1722382.944358117,1702090.6352886
1211120.593593296,1214941.7617265822
1193808.1836257942,1224397.4272492656
1340789.5912438198,1465223.509412894
806390.1045549492,814378.4821120476
1558059.1358293237,1699952.8144478828
923149.3525656896,903665.2036911576
865574.9415666624,893215.2366394276
1709551.0298803898,1654965.2957120761
1281302.4477560476,1261239.2721713646
991042.7843569233,935590.8042953262
1135514.6592277456,1253648.3243637006
1142922.7881697728,1305127.336002346
1573420.5647321756,1558639.8810308038
696953.6707108612,614700.7371485097
1048964.688622218,764756.0934618785
1347013.8788869015,1518706.282893025
1305794.671641706,1291331.5184858206
1707578.8388842354,1816217.0069766769
1588292.4295635982,1540737.1933239426
805703.1280247597,957117.647167354
964609.3354644363,856548.94412853
526121.1627894468,569876.7748806281
473438.40332648164,404976.365896227
1123238.0055876316,1373512.3017761726
1422584.8743805462,1262187.0415469888
1000627.3057191703,988175.0073923124
1226465.9954578753,1322010.0566819045
1648388.6647737236,1641030.4779927535
1008620.80453706,1106336.8383046896
1655158.3503135548,1838984.4397883944
1392597.1030530178,1279117.9650857162
1392709.2405800428,1527691.7006808666
1271820.9474183314,1228517.2072076176
636032.2605133218,586381.5473253077
463949.9267864734,494742.5435776913
1210563.1340253896,1276987.4919659288
925842.5096051416,821413.1935367523
1177236.1089370914,1148749.9333118591
761707.6057966321,759799.8758389656
1689429.32339978,1753967.4765968325
1319920.4600903299,1530013.4488713266
1125477.1864436464,1074456.402490409
1335116.0854646324,1132983.9551551435
1532741.1178505344,1502443.2297509415
1350650.1915037886,1275208.5770321412
1285231.7630947232,1299673.741995338
967722.6775989961,954746.5764328244
1393130.989866386,1232004.8298347492
1557320.0287275224,1406865.4945607523
1485755.0221487153,1499356.1199718774
1641802.7357882257,1517597.5270904675
936476.6115592765,853084.1522068827
1472695.7437830372,1613814.875491537
1240943.7269702386,1206020.384558566
930351.7593387738,900851.1631095213
875377.1022469494,717825.3596950844
1998690.7016187932,2173808.627715738
1482388.7717140268,1550359.5484654682
1437571.495013567,1265927.359738196
1232463.841997945,1085534.178573738
1193944.8356200734,1044017.4316455172
1485421.169189069,1342245.9687061736
1479203.5282702635,1378863.6883772104
483923.42454322166,483986.10899252974
1470130.7954335704,1427108.501154555
1103577.562394042,1211442.9407654293
1381077.5005414444,1456486.292963147
1513426.712117738,1400961.2787884492
1580393.698147569,1557276.064431644
975603.5296324845,992566.6232646884
1413500.6436265397,1296881.9713107832
1533195.0575192568,1506651.1565735163
1615234.4792463914,1524257.706275758
1175651.1361854174,1094027.185790039
1508547.3692796284,1581865.5587473265
1331136.9742567688,1443027.2630613688
1078385.022434041,1034779.1897331612
1216190.956085863,1247645.409710813
1751054.269696585,1726364.3979780802
1844438.342119435,1910484.642346804
1838769.3193393133,1856782.7829208511
1103048.0256093226,1118165.8661723498
928175.6949649324,814784.2457280058
1238959.3747348739,1389773.8734894216
1157021.2124931829,1310207.133039433
1456196.017414338,1389366.718087903
1063484.8888630697,1143203.0678656865
1396512.2988381044,1342814.9485133728
1105179.7208113028,897223.4346811123
1402808.700442817,1343605.8001820482
572413.2329469409,333160.9942794951
699895.4079907177,575694.1732158384
1526044.805051882,1719762.3080492227
1301180.742984872,1393995.961828271
1762528.414995652,1747004.582759027
1608590.9059915235,1714445.1746365826
1269416.963310915,1452153.8490584372
1441731.804226173,1526915.349013124
1512164.07402341,1349989.646728484
1119405.348215997,1105024.4162669778
984425.3434768015,1088834.2900883444
1370744.8774221102,1333995.8520983488
1125071.2958052296,1078016.9396491002
996329.70512952,985006.9861893157
1673274.3142083124,1714055.836800116
1357472.442824499,1231157.2551474404
1145629.3386804017,1144901.2657931254
1073953.348154539,1159147.1091195084
998329.2352596449,1086447.5106632377
1408213.5265857433,1371640.9317114232
984306.8300864189,918533.616385498
1548475.005077444,1662038.7593434926
1586630.0017247605,1501482.2199412622
1322462.5109969182,1283996.96848927
1549982.895685935,1780415.4382910142
781304.3984976736,836235.0305323859
1557567.5008804223,1382810.7056157028
1405844.6367699576,1321388.619330872
1497434.6033094674,1455737.134904127
1112272.2330348445,1273308.7102709203
1416999.341919533,1327806.7288319168
1109249.4054988606,1169265.146218866
1316465.9697510907,1243501.6508387062
1818712.0108175587,1877402.319726946
737464.6846662498,663128.8400534061
1228974.0966529795,1347210.0922549702
1205536.3846288149,1144477.8789563088
1574819.509725143,1641101.5190131576
1691939.7562851093,1748782.8086400446
762595.4415897711,667428.2537163104
1489920.4997081044,1425366.413433149
1455809.1843398234,1412776.5771211844
783121.2205446652,691318.2401412788
1115450.0985485073,1097918.41234679
1077262.3870962653,1080735.9840692123
1207459.0767585067,1246485.1835210803
1422992.9879116474,1616631.3337499716
731609.987003188,730739.4189500834
1205785.381998555,1365496.8850918792
715291.4620270323,601973.0017397135
1389480.5034706101,1393482.8496279658
1278564.6831496488,1319478.28736545
1545022.5786665545,1625166.648489528
837981.9079332371,815190.6525811658
1449293.9589725516,1535781.9598291912
1271366.0844745801,1379386.3829330024
1016457.9550891493,1131618.9133648446
1662643.1835861942,1806231.4517589563
1181086.0583175668,1203247.8901339215
829275.1741128382,714148.4147529016
1648396.770611582,1626125.1656497954
1048593.0754968778,1090888.9630292277
858610.0097451616,831471.5304107015
1764143.736621407,1748474.694094093
1221393.7545031516,1417047.627110665
723800.4957720076,809057.4586058989
1483557.8517548393,1356691.3872020654
1322198.3763514545,1411024.0439091795
1425216.9177090528,1517152.5846254574
957554.4763826546,955165.6126001592
1614476.8664400098,1786085.7505429985
1296427.7461732193,1168845.8151736828
993836.6687184076,1002023.3582174428
2115303.4085870604,2106510.862818944
1407549.9313938553,1522143.6413856593
775288.2740974571,578309.0861866743
1404469.9149016123,1253434.3975152122
1234888.119336357,1426545.9673390274
1002668.237283799,1014093.309964624
1371678.0909550805,1316206.246554098
1020389.0100942126,1040781.7953593384
1091417.3404234264,1034180.9492611092
1980376.5588941306,2016910.7397073263
1535609.1666997788,1538922.90348659
1401659.0579606392,1398310.2001422904
1797878.869145845,1747911.4958528914
823663.5805457975,862407.8170122284
1480955.169900756,1414259.7753582909
1624431.1205949872,1695706.1315254318
1066039.4611223994,819598.0078481787
1121128.9588716596,1128906.3392210985
1424155.4409034564,1517666.8545196217
1464841.516756085,1707494.9217939766
1717512.4317105548,1729559.809131306
776547.50598502,652752.9727099423
1170022.0515194475,1168627.6508344968
1049068.6423747698,920498.9373832784
1041340.3455365971,1114901.9726230132
1561717.7839260015,1446978.8599043884
1331138.4081185688,1210184.01761757
1228053.2496925243,1243838.6342287173
1264384.6076824153,1310764.1118829441
1342293.0139445113,1536143.5919386302
858766.5156507276,774009.5475941251
833264.3278146375,803919.8064717615
1254705.8538414245,1268703.8107933956
1356903.3203489883,1273067.036027562
1132840.9601534687,1164615.9678425193
701976.4892830015,603374.0391445679
910347.5805418853,920747.9112878873
1349102.4030064081,1393100.4226061562
1001103.5827635259,1084011.704468987
1486950.0970723778,1495390.49870273
1450826.8715474468,1514555.0821308396
1147706.1959027273,1160397.8217300237
1093167.863630465,1169736.791123088
1275798.9652728608,1219778.0342015522
1682436.4688390477,1825071.452252544
1234818.629145,1323952.027425176
1458267.7141184653,1555806.041797239
1655247.0628852888,1571253.5314750455
1836119.7984485712,1903533.084349393
713660.889284916,790802.8010348069
1007172.3384796794,1165990.6036967745
1182658.5459150544,1049661.038846639
1565218.7390446747,1645530.0559431878
1339165.4556909713,1540762.268628121
1410112.5352734663,1562950.321919383
1423195.3414647381,1393897.3902198137
896823.4934777257,852703.2636757497
761787.5713783754,908616.4826240856
1019209.4208896172,1096173.1677853304
707737.678024006,724993.8892416583
1100417.7760729091,961539.0599236458
1143126.023361852,1373048.09902299
1543750.876033237,1483041.3350121407
1253135.3598641728,1154917.3936116383
1967381.8231354265,1792254.818004712
1094964.6963042163,1203094.0899540265
1435488.0089198018,1312093.3611953666
1608880.6182789796,1676770.330573918
1539832.3278381377,1644242.137141663
273705.577991855,268050.81474351394
1814706.5684962256,1791307.2410970302
1476856.1211118968,1488535.159564679
1283162.6503947203,1383565.6961895288
1612849.0635006395,1636906.2883778496
1280942.9019602856,1420858.8235858218
913387.7640501234,885249.1824916627
962079.5656974671,783350.673223018
708929.152295065,607858.9911712976
792621.4502663703,764635.9979283088
1621525.2927790955,1481171.234478745
1327025.4011189516,1447181.826312165
1141207.279920753,1209571.072413582
1046332.6778347752,1120851.5194199637
1114775.6147324513,1283208.8291335374
1814790.150254906,1922406.3829723643
1305428.0478544543,1303106.7871561598
733375.9032579493,751969.2117407164
1659641.2485585813,1617072.27721383
1178457.7650217395,1128252.8194117516
1544215.7379791331,1587015.3568694543
1248520.114573944,1204103.0865989951
1375729.3577801005,1383967.4628174566
878579.2949484967,693681.0044027942
954030.3435781408,978824.6016155628
1516800.4375192476,1397943.5134157224
1598441.7579319077,1560746.8656891368
1711645.6583319015,1641473.6623413602
1346636.6485496147,1273120.2588270572
1404586.1680688842,1517922.2715771273
1428127.3388778202,1536234.7087011335
1247915.0401466128,1489970.147065019
1001201.6887637532,943469.8080245097
995566.070585712,866328.1313278644
1120517.1179112936,1024738.2849269824
1214122.2540575864,1358899.686177901
1034335.2836155829,977242.2697493643
374454.2953630354,302307.4010604978
1068262.3441846021,1062877.8829939002
1035795.4495843595,935488.606494803
1388353.5066991763,1469561.6746953996
781226.0649053133,671802.0395152963
992288.0415358371,1014450.6537930904
1333676.3592757632,1336743.3833950302
869142.936442083,577168.2739439054
850329.1918696314,916717.6046638167
1451192.367514173,1496539.312892634
1085044.0789187243,1075550.2154757688
1318836.2890910255,1375736.9565806845
1365098.7504480488,1388530.1566836066
1638718.8956177917,1648201.727904935
1055725.388392876,993725.2171881604
1121223.2806872274,1172413.196960207
1607084.424604603,1550702.478402551
1480961.0772143896,1434144.2608724642
923167.5783974894,843536.172006656
1106453.24161913,1096052.8677200165
1245258.6787477238,1249417.896552621
1172866.813000663,1069238.4997052513
1490902.893585194,1457672.9056885603
1210856.5991908426,1228323.224905942
1394814.9740016856,1330929.4721535887
1051407.698688024,1030324.9189220025
1339522.4062520666,1288426.6939028532
1242744.5433956308,1279464.6466970122
1635018.4924761967,1501103.4929884768
1580596.5780233608,1560615.5007379
1302421.2720041121,1375105.3459220582
945035.996215162,944979.0094316948
832961.0130628342,746096.728900488
1468768.5393242296,1685967.6482156422
1024571.1312859878,1185160.8610785818
1212358.551788376,1495518.62392568
1075428.9826405896,1054856.0326670024
1553120.622819857,1638094.5378479655
1066073.1885986659,859427.979306825
1770367.8283426578,1794212.185766711
1391775.0999765103,1481940.7615078837
933802.2516006628,1111085.0168910609
891513.2094561256,882666.5815081694
1035944.6730475255,939139.0293389644
838259.5208412659,625880.7320537643
1032690.8555550934,1086072.0710614217
613141.5613901169,461912.2442841672
1467916.9740071604,1472809.4869159523
1166680.015716077,1109586.4111945236
1530875.9580733704,1442128.731914773
1142926.114083211,1202987.8293471355
1770403.428602178,1832230.092736465
1422928.5657025431,1428212.0343628554
720130.5652153554,720080.2320528892
912248.8451260169,971099.475398686
960869.5859854687,999970.6794284901
254623.58102542677,420122.99953232025
499311.7335505174,691854.9210270025
886989.8599466673,739870.7936402658
1446834.9106833288,1440961.856944883
1611466.692959523,1522083.944153087
1151671.4739963126,1146637.543843481
1470590.4554893787,1460341.0111764427
861042.9767715089,704698.3620787681
1472316.7787245808,1526013.3295975295
806399.1751645558,613370.8510937464
1059290.9469985648,1008712.5750731864
1037272.4813678288,979568.628541252
1003681.8655729861,1012269.8201046892
1358687.790687064,1275676.9813869123
1739702.1143013749,1757395.787239711
863304.7679850298,1039332.667386882
910786.6568935219,890887.6807315941
1270620.1489253908,1429497.6171416596
1113533.7289461482,1154270.48491612
777350.5418372431,850114.5962662725
687320.8526001095,603714.7885821962
760299.7005493443,555811.4067429452
1321159.4082177794,1326837.455537671
1573645.6533208005,1549873.8803569744
1223185.6853066797,1353488.4164629697
1541665.451104254,1696339.544124581
1055389.9070903566,1000892.046404376
1205719.8816349518,1112548.478989689
1788117.8930721465,1848633.7242772905
1458805.453108485,1560270.4852099754
999498.2203489377,1051230.000578397
1160964.070347273,1073857.0687590768
987341.2895004714,1123209.854692964
1453104.8401142135,1504026.2696593627
855114.9020904048,962501.9015215624
1137606.931662699,1242114.1008793542
1216936.0542107536,1228138.1291208954
1053467.8513396906,1187454.6724878063
664039.3369351181,771002.0763374091
1123213.0225495377,1172619.5970591358
1484282.7914134876,1400498.2675747594
1891288.5001092802,2054897.0092689176
2024124.3332499955,1955253.711458321
1336568.4345298568,1340343.8565188397
904485.0005249872,922478.9145343913
998345.3127046585,829794.8232933849
942866.8519775693,997448.7280769936
918403.3524516356,971200.2426272384
1300854.275675559,1347202.5775821644
388382.74830607936,201898.08657249613
1152124.964853398,1129582.838422086
1771944.0664117485,1570583.3403398057
1308273.0447117258,1403176.4290876691
1300909.090523784,1261681.960817626
1553077.1906535036,1515005.384163801
741539.1723835804,953939.3299056444
795240.9533003235,849566.0855445924
1561258.0500514195,1713351.3941515046
1324444.333505924,1292592.392096719
1017836.0012249132,994257.5352248872
1035315.2388543609,1127082.1989417674
1993510.7786734514,2105991.791564209
732380.8234501054,813726.113831596
1594406.809779687,1607161.6371450324
1117184.2379990723,1238486.1702122071
1434351.8746503124,1344869.279706492
789493.8471690753,768152.7910253734
1311584.5698917795,1346379.9849433706
1107416.756271752,1120439.365347112
1418057.3006883787,1568578.5117432624
1287408.5747862435,1357208.2377392326
1262869.3569029963,1155513.1752000046
1389559.9657447736,1407123.7995305716
685163.9623293675,867714.3838490517
1028646.3571016494,956435.2633348468
1437081.2747383334,1599634.4650367943
1254459.7954831081,1328525.0201962695
1094803.058179245,1251757.1930129784
1061702.6028736935,1271518.964260625
1076609.6538598938,1079408.5949822334
1010868.3682457944,1058610.7520568708
763834.4272616822,674657.9106630747
1231258.9354675557,1205706.714723642
1039419.588105815,997239.7077553512
2100350.0520956134,2220799.0691561657
1366029.43533156,1268964.7954015422
963232.1534422474,881446.1155446059
1536235.4083240938,1496466.3571105185
468636.5740217201,398909.5098600632
947868.6257926028,1147908.5287110873
1424922.065320679,1449033.4322542483
1578211.4890702653,1507331.2882072204
1685308.8082210815,1673294.246196383
1313461.8560293778,1315828.8598351076
913803.0916269049,997827.2537752064
782863.3505300194,691941.396588547
809723.3293681,862376.7533414437
1568579.5838737749,1533492.7965596502
839797.7893509786,953261.9162022916
1432940.0653508261,1521730.791403271
1236704.6206977952,1248689.6011870943
1322078.419999599,1172188.1935091391
1009176.492431177,873509.1895266719
1043491.2617623435,896944.2442711681
1669397.7670485196,1599911.367564835
798352.396842222,871325.261278003
1786141.7317823463,1957984.9443891267
1139697.0593797315,1057252.5826211008
995924.0465721119,969323.4858200226
1197976.1727976694,1168859.1171821957
1319455.7049090648,1327811.3426204198
844216.3574083501,675919.6815570832
639270.9290451335,556839.6371323885
1785651.9489064377,1795445.897701184
1123616.9016397186,1206931.6504526157
1313780.3433090036,1384478.3045482538
1260320.8954954285,1250494.7397056855
1056115.7153488342,1311379.5963119804
1297524.0828527466,1495375.423345531
804138.9487475491,864067.0615371757
1365652.491519103,1434015.0326303542
1411160.0748113238,1302664.4172579558
1201722.274960699,1232466.3997601648
1779174.2760997943,1820595.367235552
1745699.5845205325,1761960.5686365997
1381644.0401622027,1282758.90307051
1289197.6073834382,1511839.3545906225
1472662.2165690686,1433006.6454214437
1314489.9177758214,1249461.5616007491
1213290.5601825768,1282258.0932930836
1420131.5394478815,1419536.2589499224
1003126.5057620237,944186.159068424
1535757.090772979,1717570.5299038426
1876353.5097845055,1727006.950678222
1035002.8166167667,1003941.9288969066
1008611.318484555,758570.797192593
789130.1335169594,862865.8153196024
1780127.5431750012,1833208.5791579715
945357.2710174075,994897.1126378578
597548.4063212574,742016.0551722904
1348228.3863369757,1445731.6259433646
1466119.1922656859,1545154.8126419624
909390.0825776504,901752.6804515448
859649.4621290623,853142.808524979
1717611.3053968633,1633138.097939978
1542512.1060449898,1491811.6611229507
984801.7162318041,999814.8898140816
1260537.4099930804,1353182.4938991645
1119359.5641322471,984421.2252794616
1538399.0193112346,1534171.953138528
990631.2575481783,996771.2481507693
2132554.491798582,2298379.48670761
1488841.9512000731,1442079.057313394
1075525.809803203,1109260.8543058815
729105.7739065014,914136.5197752978
961001.15190074,983534.15000672
1324074.432764213,1372878.534393792
1033402.0278174417,890138.2114471467
509471.8379391437,497368.0367931193
1238382.2946049506,1071279.210244544
606175.7646838678,552585.3540991661
1464661.2301321097,1520263.7556412728
1470169.9482570682,1528756.1261500276
1210250.7886108875,1359838.9985787438
2041145.9723122919,2119176.261933276
1425121.860601912,1626893.547224179
999251.3892483322,743999.8191601974
1461913.602609031,1580557.01024894
1038298.3203785111,943309.4486039542
1682479.5604044443,1538903.992545141
840823.236971783,809121.1058431822
1303771.6425584625,1499153.0808398786
1583418.850901894,1690540.681753041
1356960.3562448246,1275143.1684079738
816305.0804703278,694472.108113963
1402996.208714989,1318058.0633455634
1226023.3294406016,1212205.340652621
1243468.4283503059,1292287.0948426991
1519452.6081149706,1844929.155576244
1257675.008924901,1246791.0287114407
1276257.8376302016,1169640.3243033246
1569715.8582616483,1637261.8540206803
1826840.914049316,1987332.2172866447
1563095.4083186453,1805502.3400291663
650302.3221849905,555504.1478098433
1132568.9319151794,1160246.7296611145
1333329.447122466,1233220.009477811
1504032.0712960616,1417691.112792915
1004667.1233803319,1064939.5225198085
1503645.5195031313,1581817.4067967194
983925.1115844931,925163.7460279363
1337692.861290974,1409238.797596417
1033565.6245131874,1047689.2657463625
1523954.540503471,1543966.4264482334
990463.5622837996,828120.9549888151
1104839.4187605071,1043415.992020972
1287529.475698177,1257376.1736885186
1761810.8657618887,1814855.154882529
1091718.856161488,1151341.850204358
1292220.242337677,1259190.7062030674
551657.7707342984,496359.970791382
1095668.5483138594,995144.1065832536
922934.6243548812,867044.9596419199
1056737.5787134648,1009854.70493643
879556.8734319877,896246.1462243543
1333854.0149617551,1270297.5449310536
815883.8643063508,674197.8519904646
914080.1491081964,973197.775347568
1546646.0668945436,1589765.4967532046
1291967.8893663357,1368106.873217715
723091.2910941629,742705.2666649321
1783284.1260464836,1961846.9052189465
773822.4660800084,573434.664234319
1231917.3348367356,1235591.828348264
1455403.8643313027,1529028.714378661
1442716.7652800519,1451658.8772407242
1542037.0360024213,1455554.8290921585
1154392.7020439634,1124818.114195813
1196104.167893868,1196204.8862624606
1227692.6539875595,1094792.0032017026
1390842.4958328996,1377430.072170325
1278547.806869029,1304789.2625824716
1100544.085208065,1188196.881911283
1818666.7590430847,1678347.5275379843
1193034.8861244216,1114128.470041262
982743.3532334064,985117.6289110236
1518602.6965368816,1665515.2461223246
878838.445969976,814240.281598352
1419461.3848574988,1489667.75001013
921252.516163594,942397.0664762192
962749.1675954589,1116351.7534385773
1372708.7069278327,1347904.3953006924
363520.8335211219,357250.6877741283
1481498.8165563124,1524845.421902946
795961.4769781539,726883.8689485132
1268853.2315723815,1196687.6867665497
2180869.725713386,2252243.340472784
1670481.704263915,1490904.5625106555
1441262.9120566524,1494101.444719538
1266329.0635382452,1107159.7806059057
1169288.2184098696,1078577.267042615
1136420.1243970874,1159749.0902788169
1195753.7164135817,1118047.9912095168
892882.5797928091,839629.5121744731
1542879.8335205263,1550242.0101890787
1130635.6862045429,1107077.912966575
611941.925238809,612211.5924474286
684216.41285436,829128.6568381398
1961701.0273654303,1876746.4866277915
1477871.237401959,1496210.2158534296
1052930.9708584403,1202452.7282114923
1734408.7615357132,1895361.1153834523
796239.7106095637,904789.612244018
1041780.7328624428,1104701.234420732
1169711.9207005217,1046030.1142282496
493510.3048202345,576356.0318820125
1104126.0656675163,1175190.6729764738
1526385.8972971314,1549031.093041703
1084991.1339854714,1194191.8785113744
625949.2162008517,520217.89299136034
1514084.4488210815,1514349.692197701
726139.4895692721,769113.8331681177
978125.6204226306,932380.5503894527
337301.13518203044,365929.5972582176
1600241.1023290239,1592768.2418269338
792638.766662526,673225.1118895164
985522.5979432813,1074824.8164886816
1193112.4930452504,1182335.6796501088
1273515.9441490828,1257433.085604563
746828.6690794366,718869.4006473335
1767647.8197249265,1791771.2892400357
1250070.9833025231,1269486.3372270884
873554.9571348173,966084.4204303528
1274568.36298819,1199193.8313295112
1740721.4061341116,1659170.5127753727
446711.8908069856,377618.9699014184
1672697.7910455551,1770372.1753440455
1116422.827202429,1206937.31561416
1516906.0938035422,1529830.3684547064
1703534.3044723668,1660975.1714736663
496578.6383084851,454234.33443278814
1009691.104624388,1011909.6944313496
1187875.0191153642,1094069.7981215387
599827.2891499901,541953.9056802422
1347417.8048663428,1266616.5467141946
1426845.7060491473,1439506.1015570094
1607237.621485198,1563083.336016557
446311.72928098275,513215.9882314093
776973.6132580347,742449.3106376197
1142723.3412419271,1210826.7732818108
1026129.5949143841,1048647.1655575398
1103546.1027098657,1022342.573636082
1266895.5453642416,1321257.2505720856
1728795.8131265664,1899948.0591423784
486479.385009715,253185.7015085817
927672.2497917095,950121.5621065242
1521231.9762837603,1526025.6590792213
1494799.7962321485,1417158.537395579
1050619.794899961,959734.8132979808
1186834.4486304957,1118595.1189391278
1431027.265601526,1311681.4196841924
1122810.001922832,1264972.4420392748
791863.3050657479,733299.7945489064
1231868.339464115,1270928.0343699888
1409128.2848231473,1074646.8653873352
1489363.4932656605,1352917.1768613977
1753373.538016717,1775531.403945451
1222226.9915346722,1374117.0672751863
1550491.832089066,1444572.9714972137
1504586.4925527787,1509962.021776979
1119124.6810394938,1152798.578967208
744534.9046791034,713615.8685961459
1055227.843572738,1139615.720123558
1493124.8587766641,1403802.5018906312
1696005.247566298,1661119.5006279624
1684279.8145334523,1784057.8431598432
1746566.7723415545,1697501.6046052328
1321522.5597624055,1276471.5809718042
1372629.302680603,1299430.1759553957
1659426.3447769473,1550036.518714004
1076935.2549458097,1072891.0826067864
848729.4239922325,778836.9229045417
877284.2643693347,980231.2309341527
1436861.4740112317,1420469.7265189183
1445837.8363119506,1603268.2110607368
1871397.9388345655,1882978.9004367725
1457610.0810257401,1702526.0563464884
1168162.4042646822,1254938.1423070077
677788.6838545547,646248.1833677717
1383223.1186894593,1205750.231944608
939945.1007009557,904785.1631560352
768713.9774561872,697840.5674771494
1245036.4826194053,1314635.689698454
1515338.239656401,1491838.4944434683
1504199.9551875656,1523136.4847209472
1078096.1570969238,1076602.187723606
1135681.759692696,1115394.393195597
905094.0906416501,895737.1333835076
1492276.1220952575,1505890.9148469497
1866264.928614818,1881075.4379420877
1289425.81865956,1219154.4031595571
1058372.8399784907,1046818.06975883
1854482.8880921118,2049146.62989614
1363787.6085916527,1337973.7320159737
1632637.2786109531,1671350.14009336
1369192.9062000688,1308231.769411766
1278826.8062130376,1246218.3100606224
1466485.1637530779,1474296.415816263
1225697.7526727167,1182887.997321352
1217224.9969733383,1266947.2639766415
950727.8005830619,989643.0313890134
727375.0122470561,636506.0005989884
1273603.5956763758,1130221.2976257126
1233538.227710802,1102062.0975742438
991828.3961211642,1040762.831883902
1071340.8976773347,1255576.272954358
1257978.4796723796,1251688.6157028745
988260.546935198,1043968.3994445396
930846.1030087052,960083.9968510192
1226040.8083215312,1249914.394842537
1205420.4742089699,1117741.7573242227
507871.6767675968,390948.44999415445
1278476.3397252914,1153516.9190034647
1778691.7135565393,1800685.9224889183
901121.4521414909,931733.3638805776
1754455.9517436547,1795093.0340089437
1229961.3764371194,1296223.7064925262
1146781.1688451131,1129613.0100203287
2012227.033315797,2033546.7845739897
1982743.3850922524,2081869.2835028644
1213158.269539075,1413105.4948034876
1021241.4381736781,944491.0395552134
1190302.6317064308,1203850.1042760182
1865619.3425669272,1880178.647341969
1818696.9814621476,1879416.222452312
1542919.7816927833,1510883.777351386
1351756.0883369741,1472967.8143106403
1124896.2242057412,958909.193464849
1146892.7811003602,1245749.5943833694
1487424.4673957848,1543913.432513267
1147716.0024281186,1151741.154590957
1386612.3510027174,1328572.1905050843
1409092.4614494408,1383395.2874928915
1253177.2350517348,1280700.4032528442
781174.2173723625,615144.898641351
1874770.9412833063,1919693.2304938203
843356.2478016699,658646.1847265189
662031.7581590291,625990.3004351463
1476340.501607725,1434240.3558561043
1112610.3263343577,1046627.0521855619
1122473.5393518843,1111108.5012185797
1452416.393275634,1363319.846419603
866691.8315199739,866142.183934873
1415700.8668505875,1547888.6330481977
1780465.7887769951,1879797.719739336
1405666.4711375094,1434575.1099082837
1539115.919584994,1522099.830788929
1176652.8380078957,1102516.5838414284
1302742.5211645036,1311654.2628987662
1062654.6813807033,1282339.3498764976
1323712.690803167,1198313.5980997651
1012504.8851882458,1018457.9870522929
1551472.6578929427,1599860.079583913
1216085.0214616377,1178846.0658152937
801127.5657831132,964596.749839928
840979.1240668971,866689.0911811923
1255224.0164413168,1409318.577467429
1283275.1003154165,1232974.1420829988
1583260.4337608435,1412806.285764952
1737867.7977371148,1813043.926135564
970490.7339104944,975005.7736603534
550768.2311889011,378466.42018393887
756151.7098261704,710269.2139681028
867998.0821519396,877566.8220142606
1381030.071292076,1314359.4543807413
1360424.180056314,1418045.7187906946
1574382.039309965,1648246.7742056048
1630616.0904770868,1597776.7705061822
1267354.549882667,1327718.3816666016
1265517.1601059132,1296134.3945546895
1653076.8409655683,1525690.995056731
1699952.960410931,1668905.2845798696
1668913.7118067173,1673538.1686839648
859694.8757936741,956764.0140836356
1149680.5513046535,1046191.1649369911
1354821.793098366,1524586.7872167006
1276367.6537379536,1148372.4014729378
927852.611632994,1025439.4339352736
1520686.8855254867,1361230.121235157
993687.3992693815,992622.769267206
1630935.9786649593,1792368.627274575
1561628.9875755238,1524968.1469918392
1279665.24552823,1196254.1180677337
1436105.3136064487,1376969.9288002914
1294846.108487635,1241386.7369789924
1512231.38321896,1500472.8272215405
1099584.060466153,1056562.595142803
1400883.0792465925,1529452.0617767374
1172437.4369624055,1397341.8559937114
889133.8362989374,933306.2877207608
1011779.1828785662,1083071.5598246271
921316.14142004,870252.4109644331
671709.4487609694,718650.643819188
745497.2080784555,804170.2015536873
1297306.4187935856,1389287.4738699936
658576.7072894915,745523.8383444332
1548720.8275843645,1524106.964721467
1523993.855972191,1681316.362253782
1214319.931712678,1184527.3743972029
730703.6880296487,688479.292591021
553040.7080784256,449728.1009992498
1728019.2885522384,1781211.4141488497
1467526.2302523605,1357575.8516151062
689204.0149781315,547918.3263781852
1560400.0319291996,1685217.1049444268
972540.6313572269,938171.3555536494
1215642.4606469907,1079745.1185021442
1467137.3156985613,1309397.049429039
1523175.2042401843,1680252.7373371336
1442971.6103403661,1506656.8260229118
1300292.8241355158,1212899.2186562717
1126484.281608898,1183343.566493446
629062.2060011098,565937.200553177
811239.8703089945,842985.8528549682
574374.2120663375,665266.9765732376
956285.6670651211,869924.058422245
1571463.8396548035,1637259.9986677852
1160063.7508450453,1088699.39928965
1353215.0325852362,1345004.119756513
1719492.1910775353,1741105.6409449903
1263583.6302971314,1263743.970748335
1020394.1557966548,987973.8927878812
1148372.4963646738,1251663.8512621764
1129515.7668555928,1173201.5189552563
1386108.1133104132,1396401.0215001125
1393466.9475127917,1246595.160288169
1447140.8675341972,1478028.1739926587
1146254.5553238355,1189466.7143340828
629960.7587980672,612938.7144827124
709694.3615988092,714142.2406539195
1613402.638408176,1616505.3541296383
1104976.7917496236,937628.3466936616
1198788.1079667243,1306288.622680067
1320932.0778536333,1233882.5553029585
832474.0237250989,864899.4849738175
1311747.3472794022,1045704.700328456
1411560.7749724963,1245070.33791015
1213612.382235663,1193106.940198023
1542161.3368406857,1573580.2338345246
624792.4018173198,693566.7572719983
1385571.5008136,1194357.4059239507
1030766.6738787675,945831.1862992597
788528.9831928328,902350.419724823
1584806.219326317,1455556.4656425468
866189.8985606218,931768.0455357102
580885.6289054344,585531.238099097
979631.865492391,995813.2160648316
1252830.8973809131,1406435.8062174402
1913151.4452794385,1892623.5459042157
1333435.0872530998,1253359.9540054663
1226792.202885466,1165877.6686129526
1431284.551426266,1584213.9574850197
1662502.2289689959,1796009.5040461638
1410250.758272753,1405933.0186992486
749664.7093721618,845553.3695012048
529827.215558074,524712.7660674525
1013415.3575214089,951781.3078080096
1479209.0111814516,1433493.802219979
1364505.85497823,1520956.99733294
1352798.3218878172,1210366.528822683
1265102.8441093161,1305219.5213491025
1354199.018574822,1222701.0121116524
1681808.4540918886,1782803.8692421229
774888.4875270143,757719.6586147314
991512.8278293535,912422.1464209496
853401.0333110878,919926.9985237203
1570638.051009062,1669558.8467144333
1554276.3230754063,1841904.2432740403
1108176.7930842086,893919.0388163759
1065138.3054759512,904497.3170887965
1531442.6520324717,1637831.3278346297
1410164.6632067102,1342818.6762798564
657604.0983435088,736798.5333089959
734530.6328757183,671343.9417927802
1367266.5605265752,1382787.3245131264
772284.449801838,705343.2560893283
880808.3337211407,774118.1878354995
1652929.2358246264,1511537.745290877
1253569.8257522653,1370367.787954931
1567891.4359188047,1641749.651205491
1292839.1546276729,1130844.0293626525
1324701.6033522612,1347279.207217475
1386256.448279196,1416648.297306375
1514798.3462425508,1518319.6407040688
591281.5770442926,678587.2437272832
1055906.164751755,985283.8815578348
1579530.4346355346,1686562.1685733923
1090469.0111314862,1261843.8443217382
1358018.093003411,1166673.195064525
1089175.1928629396,1012269.4686781848
1262575.288011097,1308508.1189828415
1726304.037620613,1658974.5669639187
918236.3405357559,945614.5659127636
1159250.8623822427,1195601.9623484935
967352.6000234116,699787.3190422736
1390279.4982748162,1479063.2137821943
899697.1624218103,778546.1621435221
1272221.2738066996,1235593.2765775274
1260991.4597676953,1341449.5715910238
1663370.279558793,1772780.1426032828
757176.7102152104,684257.1110665329
1138049.1254929926,1095768.7333528611
1376801.2937515895,1193021.3116128664
1502414.5467718893,1431915.977008168
1400423.0442076875,1463383.486682974
1027698.7525381596,942166.50902854
1354661.7096763453,1238396.412062526
1373334.6551462929,1167626.7358808988
1252023.8914188696,1190867.437364912
1596439.595884193,1567859.0727812082
1093987.9000006842,1113314.6988738158
539082.7704368223,634218.4408284404
1434174.5498996954,1591793.723297089
1237941.233471075,1206539.6659618984
785784.595707044,789632.6932079874
1359797.6789224055,1301486.6855460985
925651.9635383928,808373.7030161206
973201.6304002936,1053338.5923717965
1469214.6152197795,1450996.0381792902
1441254.5732602938,1355545.587900736
1210588.1016806266,1187090.9480935708
1075143.9680292045,1056976.974840432
1518956.7028941065,1524689.063301804
1485989.408947866,1500962.6151142884
807231.2544238676,762130.4622501581
1417638.3485443366,1578737.4363400638
1464837.0915439136,1384432.1532990958
1735153.6191461284,1768036.3340765317
1361464.5103165254,1244440.1347023242
960960.9199945045,952439.6621570892
893126.083503591,670734.6739512904
1113213.4637439786,1064509.5226208074
1269970.3519302392,1289190.7626395207
1286418.5471855241,1249173.6911755214
1462730.4013932773,1426832.048925821
1321025.9721694791,1371527.3270118241
1267052.3776400478,1247289.4901993414
1577555.749034891,1698198.7513699988
975972.526798952,1063964.287873947
1044733.1771642636,860804.4460473286
1524733.499487375,1594089.2414471267
773395.7765397768,708045.5749205473
981262.088327054,880214.2118726358
1167061.7378545622,1179983.4416351905
1541117.686396542,1642844.648635587
1297104.759587102,1400609.034078121
890865.2715916248,1006885.8444127028
892588.0904009087,802846.1222953709
1587960.0706674717,1479295.570937294
1054226.6394811762,1127873.5774725412
803962.6199272684,925394.135004886
1031599.553862902,1020536.1908295145
1014174.2286279931,1059431.4512633595
712968.256649806,676377.6614159645
1191008.5679498808,1054304.171728802
1236386.319382416,1176021.3754618713
1270943.105643372,1188761.3202272817
1383111.861527446,1229702.9483640655
1336024.549943912,1403296.25760751
1343553.1184889222,1312466.9735677738
773450.5829887891,846052.911198368
546918.8584207195,578396.2214702787
1761771.8887763454,1816099.1378394715
1273127.1417929032,1292740.4464302254
1499375.542437713,1409892.0897761208
1004147.4905946177,1057347.1660527764
1165959.9554197295,1063344.634927028
1358243.6922921306,1389223.6071214746
2024640.5292330508,2019424.2222642573
926653.8002642621,779207.5546130885
1041281.387339662,873515.9385396001
1313260.8865635754,1270432.3996253265
972158.0382721202,1132662.2153922748
1127101.1979571765,1295728.0882968726
1101509.7646815593,1107067.804259093
1725378.5739252348,1810561.1745761952
1355241.6581963084,1283590.4588727625
1304418.0119528747,1306288.2274582034
1115644.1576537902,1028760.4652352538
655893.0556124985,554702.6801764854
817778.0135247462,978766.9138660992
1250327.9408050838,1302347.5735090529
1309567.5207387004,1169547.521182793
844329.6609315391,729781.569559095
1069195.5974898625,999146.8693743936
1273441.750966648,1283764.7877560898
1352498.239279633,1348883.321478542
1395033.3630167346,1385783.5170925183
1555696.0313282327,1458912.584498618
1031832.8329442226,957283.65635498
966155.6622225671,965074.8047437824
737770.2152730618,764799.8830136815
859712.2416162798,517937.58954093023
675036.5669723412,437146.02035065944
808238.0540764264,861138.1836401307
1307967.8474808482,1411217.4928510934
1484180.9901528517,1434835.9531418546
330609.9234140918,459446.4192774692
1747426.5662693141,1737981.5298355946
1282375.4410837693,1137059.188484319
1831212.7537295888,1812209.1366168251
1393292.7256462513,1525533.406625511
1181692.7919928674,1060440.595655847
709667.5302746105,664298.9713057821
1142373.5261263663,1205568.3665622354
774286.8814335102,873241.9885742475
1118312.8214260284,1199128.4035644634
1295596.2498617773,1272719.6318939514
930934.9005738507,1112286.046385043
651018.5848105266,534077.4554759212
1455646.95676494,1500939.8265608612
1264187.2359138455,1259665.602981643
1129793.9220464027,1180091.4978196998
570634.0839641095,615506.8010811901
1348669.8678009536,1414286.7224241218
1372325.0713887971,1371311.616289787
1584544.3437467406,1656401.8371527651
918714.1172316705,954737.1410648719
1391469.7993048604,1213351.6322268366
921159.3783915354,908013.0020703824
1055199.5746723902,989903.6448048712
845959.7140192318,790555.5204463231
1259686.1086542807,1270543.4641944906
1379854.2111393812,1387987.8030244834
819201.4006157811,743393.3473414255
1296330.918982082,1279681.1543965929
1544999.711421682,1547133.3964004477
1513494.6457309322,1381536.933945742
1353088.9954562087,1478823.6472742946
1172383.566759742,1331374.9476177313
1592423.6179369162,1480674.798825141
1142793.56766609,1230363.2340835028
1156890.3560906085,1090805.3740171348
1119393.0654138105,1099959.6390124753
1547555.7864487185,1688279.3081102488
1078550.325733577,1014430.120566306
1360726.6188130316,1166558.3735827007
628257.1034560972,479500.5568108269
2052718.206862622,2082236.2437971823
1391910.1712122122,1148508.0252525522
1416588.0217607708,1416238.5774504088
894420.7052163254,962591.6565767032
1452865.9215404687,1619829.095720185
1009738.176359543,921396.9752541516
1624764.9347085543,1590336.4170441094
1431393.8409308062,1428247.074184676
842628.2208788764,647982.6536393018
572465.669817935,695386.3310386214
825797.5719382728,765505.3475276389
684182.1499126118,799207.7042750404
1076159.1168790718,1040782.4858810924
1120029.2860289614,1273868.0636587085
1263692.259822169,1348804.229340074
1818953.6426339934,1882806.934395191
1188821.4229448182,1262104.9263349092
1395126.3434765935,1316129.309057268
776541.5043511203,783808.4024661683
1385160.458461185,1411730.4772588315
837795.8608740561,744450.2293097175
1192221.399065015,1016960.6547934016
925606.7540502811,1055484.3734807873
1359535.6108979625,1343824.2151443197
1235615.8202777582,1163559.4710512878
1329698.7994933557,1328658.9110723843
1421799.0671334756,1388596.243304004
1282862.4920839095,1446155.1797020894
1418489.9523538265,1322782.7602694822
1266818.112621001,1389763.8215262159
1544520.3720750606,1377671.2374844607
1261006.8240261627,1122083.2511626473
1324597.0799900552,1453108.7938176685
1076310.574143849,1026505.8205659144
866969.626016704,1024973.1952142384
973513.1843479596,864483.7584963772
1256922.696066063,1305185.544822347
1544846.3732041796,1599478.9856644769
1494198.4499985457,1492095.1431974396
1674454.762397856,1651684.77387328
1123920.8770743345,1057308.2897956015
970697.5522342485,906419.3179021332
1296306.5675934106,1339254.7267992808
1083532.9312640573,915818.4531215572
968242.5334109707,790721.3677899047
1622481.936060657,1729392.2041672813
788129.9550679249,685775.5980289889
1430534.7132032847,1356062.1044986642
1233794.5539435938,1230097.450945007
1582436.6859134284,1480227.5472434363
1033798.7804703363,1003642.6274172928
1736481.5042989831,1598615.9744864176
1159844.7491516261,1050239.9038404576
622276.4954180855,530613.7955692228
964003.8171391769,1007596.0425748297
1250891.0142045678,1300389.3508202112
815293.7538176604,670063.0223057014
1800404.9451040323,1827500.8917075216
1238518.1514447634,1251794.178836864
1371383.2633600638,1529281.840119341
1406579.4056538725,1433614.966745886
1127447.0655419165,1243239.0034040422
1217519.629295928,1252691.7928813465
1545888.941694692,1564252.5257374863
574804.9104521384,426906.18286889006
1533310.2279229104,1442945.1449720778
899547.0437299983,856207.6028363751
1153900.9607647727,1172385.8977045629
836812.4404783982,853750.6529487937
937440.4433037565,1062593.4832072696
823974.2089729517,910211.0189369676
